{"cameraMode":{"drawMode":0,"name":"Shaded","section":"Shading Mode"},"sceneLighting":true,"audioPlay":false,"sceneViewState":{"showFog":true,"showMaterialUpdate":false,"showSkybox":true,"showFlares":true,"showImageEffects":true,"showParticleSystems":true},"in2DMode":false,"pivot":{"x":-121.2270278930664,"y":-79.61888885498047,"z":-72.89566802978516},"rotation":{"x":-0.11543486267328263,"y":0.8542409539222717,"z":-0.21477113664150239,"w":-0.4591601490974426},"size":85.32220458984375,"orthographic":false}